{"acc": 0.9213938866307422, "loss": 0.09611175335367148, "_timestamp": 1680509953.5041904, "_runtime": 99.97436952590942, "_step": 7, "_wandb": {"runtime": 8}}